<?xml version="1.0" encoding="utf-8"?>

<starts>

   <start name="game-start">
      <gui value="1" file="gui/main_gui.xml"/>
      <game-start value="2" file="game_start/game_start.xml"/>
      <preferences value="3" file="preferences/preferences.xml"/>
      <credits value="4" file="credits/credits.xml"/>
   </start>

   <start name="session-start">
      <player value="1" file="player/player.xml"/>
      <worlds value="2" file="world/worlds.xml"/>
      <units value="3" file="units/units.xml"/>
   </start>

</starts>
